has_stockout,total_stockout_kg,first_stockout_day,number_of_stockout_days,fw_stockout_days,fuel_stockout_days,ammo_stockout_days,total_fw_stockout_kg,total_fuel_stockout_kg,total_ammo_stockout_kg
true,2218.463714,9,1,0,0,1,0.000000,0.000000,2218.463714
true,4974.175835,4,1,0,0,1,0.000000,0.000000,4974.175835
true,1961.983465,10,1,0,0,1,0.000000,0.000000,1961.983465
true,1808.772358,8,1,0,0,1,0.000000,0.000000,1808.772358
true,1536.841259,10,1,0,0,1,0.000000,0.000000,1536.841259
true,12337.494917,10,1,0,0,1,0.000000,0.000000,12337.494917
true,26661.149455,6,2,0,0,2,0.000000,0.000000,26661.149455
true,27.072747,8,1,1,0,0,27.072747,0.000000,0.000000
true,12968.012119,8,1,0,0,1,0.000000,0.000000,12968.012119
true,1731.478525,9,1,0,0,1,0.000000,0.000000,1731.478525
true,9372.777623,10,1,0,0,1,0.000000,0.000000,9372.777623
true,3502.149636,5,1,0,0,1,0.000000,0.000000,3502.149636
true,26339.872946,6,5,0,0,5,0.000000,0.000000,26339.872946
true,396.355892,9,1,0,0,1,0.000000,0.000000,396.355892
true,26922.570424,9,1,0,0,1,0.000000,0.000000,26922.570424
true,2242.194572,9,1,0,0,1,0.000000,0.000000,2242.194572
true,73614.880541,5,2,0,0,2,0.000000,0.000000,73614.880541
true,1433.626052,10,1,0,0,1,0.000000,0.000000,1433.626052
true,5609.064811,5,2,0,0,2,0.000000,0.000000,5609.064811
true,9761.149623,3,2,0,0,2,0.000000,0.000000,9761.149623
true,3698.491621,8,1,0,0,1,0.000000,0.000000,3698.491621
true,11743.871981,7,3,0,0,3,0.000000,0.000000,11743.871981
true,100340.449477,8,3,0,0,3,0.000000,0.000000,100340.449477
true,155.689783,9,1,0,0,1,0.000000,0.000000,155.689783
true,1425.784479,10,1,0,0,1,0.000000,0.000000,1425.784479
true,51.725172,8,1,1,0,0,51.725172,0.000000,0.000000
true,1989.671995,9,1,0,0,1,0.000000,0.000000,1989.671995
true,4990.875689,9,1,0,0,1,0.000000,0.000000,4990.875689
true,13002.919183,6,2,0,0,2,0.000000,0.000000,13002.919183
true,5405.340707,3,1,0,0,1,0.000000,0.000000,5405.340707
true,1750.081674,2,1,0,0,1,0.000000,0.000000,1750.081674
true,79952.049657,6,2,0,0,2,0.000000,0.000000,79952.049657
true,102.569593,8,1,1,0,0,102.569593,0.000000,0.000000
true,4239.339254,10,1,0,0,1,0.000000,0.000000,4239.339254
true,7370.441043,8,1,0,0,1,0.000000,0.000000,7370.441043
true,21205.059294,8,3,0,0,3,0.000000,0.000000,21205.059294
true,1001.931254,10,1,1,0,0,1001.931254,0.000000,0.000000
true,1698.202999,6,1,0,0,1,0.000000,0.000000,1698.202999
true,29979.520756,4,2,0,0,2,0.000000,0.000000,29979.520756
true,6744.489457,9,1,0,0,1,0.000000,0.000000,6744.489457
true,6043.756696,10,1,0,0,1,0.000000,0.000000,6043.756696
true,31217.042440,7,2,0,0,2,0.000000,0.000000,31217.042440
true,491.849305,6,1,1,0,0,491.849305,0.000000,0.000000
true,14612.807751,7,2,0,0,2,0.000000,0.000000,14612.807751
true,5350.575982,7,1,0,0,1,0.000000,0.000000,5350.575982
true,5414.285858,7,1,0,0,1,0.000000,0.000000,5414.285858
true,7337.865588,4,1,0,0,1,0.000000,0.000000,7337.865588
true,10390.348936,6,3,1,0,2,247.165134,0.000000,10143.183802
true,43575.752067,8,2,0,0,2,0.000000,0.000000,43575.752067
true,38521.419663,4,3,0,0,3,0.000000,0.000000,38521.419663
true,9033.502942,7,1,0,0,1,0.000000,0.000000,9033.502942
true,1604.820545,6,1,0,0,1,0.000000,0.000000,1604.820545
true,34473.855024,10,1,0,0,1,0.000000,0.000000,34473.855024
true,93343.933992,5,4,0,0,4,0.000000,0.000000,93343.933992
true,164.343732,10,1,1,0,0,164.343732,0.000000,0.000000
true,10970.507956,4,1,0,0,1,0.000000,0.000000,10970.507956
true,15388.476093,6,4,1,0,3,2079.850183,0.000000,13308.625909
true,3939.365579,6,1,0,0,1,0.000000,0.000000,3939.365579
true,24085.511688,6,3,1,0,3,1846.434678,0.000000,22239.077010
true,10354.255693,8,1,0,0,1,0.000000,0.000000,10354.255693
true,1945.669648,10,1,0,0,1,0.000000,0.000000,1945.669648
true,35737.387289,8,2,0,0,2,0.000000,0.000000,35737.387289
true,5711.990935,5,2,0,0,2,0.000000,0.000000,5711.990935
true,10638.795091,9,2,0,0,2,0.000000,0.000000,10638.795091
true,10152.455377,9,1,0,0,1,0.000000,0.000000,10152.455377
true,2412.777084,7,1,0,0,1,0.000000,0.000000,2412.777084
true,2571.814921,9,2,0,0,2,0.000000,0.000000,2571.814921
true,17622.385960,8,1,0,0,1,0.000000,0.000000,17622.385960
true,9409.962337,8,2,0,0,2,0.000000,0.000000,9409.962337
true,12469.578269,7,3,0,0,3,0.000000,0.000000,12469.578269
true,7661.325381,8,1,0,0,1,0.000000,0.000000,7661.325381
true,563.067593,4,1,0,0,1,0.000000,0.000000,563.067593
true,14068.026249,9,2,0,0,2,0.000000,0.000000,14068.026249
true,8267.458595,6,3,1,0,2,17.018873,0.000000,8250.439722
true,6672.447849,8,1,0,0,1,0.000000,0.000000,6672.447849
true,756.254224,6,1,0,0,1,0.000000,0.000000,756.254224
true,3200.893962,6,1,0,0,1,0.000000,0.000000,3200.893962
true,4172.963274,7,1,0,0,1,0.000000,0.000000,4172.963274
true,21086.745313,7,4,0,0,4,0.000000,0.000000,21086.745313
true,1019.314050,3,1,0,0,1,0.000000,0.000000,1019.314050
true,239.847833,8,1,0,0,1,0.000000,0.000000,239.847833
true,8070.215424,8,1,0,0,1,0.000000,0.000000,8070.215424
true,1041.972580,10,1,0,0,1,0.000000,0.000000,1041.972580
true,2629.937898,6,1,0,0,1,0.000000,0.000000,2629.937898
true,15932.647141,8,2,0,0,2,0.000000,0.000000,15932.647141
true,26.043451,8,1,1,0,0,26.043451,0.000000,0.000000
true,6107.280534,8,1,0,0,1,0.000000,0.000000,6107.280534
true,3127.011599,9,1,0,0,1,0.000000,0.000000,3127.011599
true,13443.589122,8,1,0,0,1,0.000000,0.000000,13443.589122
true,5842.500586,5,2,0,0,2,0.000000,0.000000,5842.500586
true,5955.203749,7,1,0,0,1,0.000000,0.000000,5955.203749
true,144.240849,6,1,1,0,0,144.240849,0.000000,0.000000
true,10830.303383,10,1,0,0,1,0.000000,0.000000,10830.303383
true,14644.385288,10,1,0,0,1,0.000000,0.000000,14644.385288
true,25.083027,8,1,0,0,1,0.000000,0.000000,25.083027
true,112.726303,7,1,0,0,1,0.000000,0.000000,112.726303
true,1067.666331,9,1,1,0,0,1067.666331,0.000000,0.000000
true,28599.904630,9,2,0,0,2,0.000000,0.000000,28599.904630
true,14133.433265,7,3,0,0,3,0.000000,0.000000,14133.433265
true,16028.430229,9,1,0,0,1,0.000000,0.000000,16028.430229
true,3559.430368,10,1,0,0,1,0.000000,0.000000,3559.430368
true,1704.153151,7,1,0,0,1,0.000000,0.000000,1704.153151
true,2592.677442,10,1,0,0,1,0.000000,0.000000,2592.677442
true,17093.239992,10,1,0,0,1,0.000000,0.000000,17093.239992
true,17615.796316,8,1,0,0,1,0.000000,0.000000,17615.796316
true,8477.044527,6,1,0,0,1,0.000000,0.000000,8477.044527
true,8638.501534,5,2,0,0,2,0.000000,0.000000,8638.501534
true,160.986811,9,1,0,0,1,0.000000,0.000000,160.986811
true,7449.733350,6,3,1,0,2,7.106456,0.000000,7442.626895
true,162.547972,8,1,1,0,0,162.547972,0.000000,0.000000
true,16487.201801,10,1,0,0,1,0.000000,0.000000,16487.201801
true,33841.469463,9,1,0,0,1,0.000000,0.000000,33841.469463
true,1060.300342,10,1,0,0,1,0.000000,0.000000,1060.300342
true,2787.274184,10,1,0,0,1,0.000000,0.000000,2787.274184
true,3217.550425,7,1,0,0,1,0.000000,0.000000,3217.550425
true,2962.042971,4,1,0,0,1,0.000000,0.000000,2962.042971
true,7943.446896,10,1,0,0,1,0.000000,0.000000,7943.446896
true,10925.481116,7,3,0,0,3,0.000000,0.000000,10925.481116
true,10019.725217,10,1,0,0,1,0.000000,0.000000,10019.725217
true,15555.655838,6,2,0,0,2,0.000000,0.000000,15555.655838
true,220.507622,10,1,1,0,0,220.507622,0.000000,0.000000
true,5215.050275,6,2,0,0,2,0.000000,0.000000,5215.050275
true,1176.291787,8,1,0,0,1,0.000000,0.000000,1176.291787
true,5122.226266,5,2,0,0,2,0.000000,0.000000,5122.226266
true,1981.053913,4,1,0,0,1,0.000000,0.000000,1981.053913
true,27923.957559,7,1,0,0,1,0.000000,0.000000,27923.957559
true,10904.069307,7,2,0,0,2,0.000000,0.000000,10904.069307
true,1295.891523,10,1,0,0,1,0.000000,0.000000,1295.891523
true,855.232198,8,1,0,0,1,0.000000,0.000000,855.232198
true,8941.957819,9,2,0,0,2,0.000000,0.000000,8941.957819
true,30231.815218,8,2,0,0,2,0.000000,0.000000,30231.815218
true,16759.695244,7,1,0,0,1,0.000000,0.000000,16759.695244
true,9295.193486,9,1,0,0,1,0.000000,0.000000,9295.193486
true,317.714662,7,2,1,0,1,172.589656,0.000000,145.125005
true,99780.259163,8,2,0,0,2,0.000000,0.000000,99780.259163
true,20300.819624,3,2,0,0,2,0.000000,0.000000,20300.819624
true,12652.220306,9,2,0,0,2,0.000000,0.000000,12652.220306
true,9422.214481,8,3,1,0,2,84.328530,0.000000,9337.885950
true,11697.389204,10,1,0,0,1,0.000000,0.000000,11697.389204
true,27133.473748,5,3,1,0,2,32.830584,0.000000,27100.643164
true,2656.372373,5,1,1,0,0,2656.372373,0.000000,0.000000
true,1027.905691,10,1,0,0,1,0.000000,0.000000,1027.905691
true,2708.305424,8,1,0,0,1,0.000000,0.000000,2708.305424
true,21155.284026,4,5,0,0,5,0.000000,0.000000,21155.284026
true,92255.384694,9,2,0,0,2,0.000000,0.000000,92255.384694
true,30573.723785,6,4,0,0,4,0.000000,0.000000,30573.723785
true,6741.480427,4,2,0,0,2,0.000000,0.000000,6741.480427
true,11192.119425,6,2,0,0,2,0.000000,0.000000,11192.119425
true,1157.925975,9,2,2,0,0,1157.925975,0.000000,0.000000
true,25895.401724,8,2,0,0,2,0.000000,0.000000,25895.401724
true,1044.463490,10,1,0,0,1,0.000000,0.000000,1044.463490
true,4296.572043,6,1,0,0,1,0.000000,0.000000,4296.572043
true,1745.576681,10,1,0,0,1,0.000000,0.000000,1745.576681
true,21564.956644,6,2,0,0,2,0.000000,0.000000,21564.956644
true,997.638478,8,1,0,0,1,0.000000,0.000000,997.638478
true,30456.781215,9,2,0,0,2,0.000000,0.000000,30456.781215
true,12394.071164,7,3,0,0,3,0.000000,0.000000,12394.071164
true,10203.256791,7,3,0,0,3,0.000000,0.000000,10203.256791
true,28345.194371,3,4,0,0,4,0.000000,0.000000,28345.194371
true,5433.181381,8,2,0,0,2,0.000000,0.000000,5433.181381
true,9316.580868,9,2,0,0,2,0.000000,0.000000,9316.580868
true,2483.905622,4,2,1,0,1,405.472499,0.000000,2078.433123
true,703.111746,5,1,0,0,1,0.000000,0.000000,703.111746
true,1457.836107,8,1,0,0,1,0.000000,0.000000,1457.836107
true,104.301300,6,1,1,0,0,104.301300,0.000000,0.000000
true,20897.097006,9,2,0,0,2,0.000000,0.000000,20897.097006
true,4101.746373,6,1,0,0,1,0.000000,0.000000,4101.746373
true,18587.985934,9,2,0,0,2,0.000000,0.000000,18587.985934
true,24097.866270,7,2,0,0,2,0.000000,0.000000,24097.866270
true,3603.884081,6,1,0,0,1,0.000000,0.000000,3603.884081
true,1524.761394,5,1,1,0,0,1524.761394,0.000000,0.000000
true,16425.763575,8,1,0,0,1,0.000000,0.000000,16425.763575
true,5894.292037,10,1,0,0,1,0.000000,0.000000,5894.292037
true,31801.211090,6,2,0,0,2,0.000000,0.000000,31801.211090
true,10758.677201,8,1,0,0,1,0.000000,0.000000,10758.677201
true,2494.545403,6,1,0,0,1,0.000000,0.000000,2494.545403
true,4185.347423,8,1,0,0,1,0.000000,0.000000,4185.347423
true,5433.791601,10,1,0,0,1,0.000000,0.000000,5433.791601
true,2746.927073,9,1,0,0,1,0.000000,0.000000,2746.927073
true,14600.299587,8,1,0,0,1,0.000000,0.000000,14600.299587
true,44676.163733,7,1,0,0,1,0.000000,0.000000,44676.163733
true,10516.111384,10,1,0,0,1,0.000000,0.000000,10516.111384
true,42.373479,9,1,0,0,1,0.000000,0.000000,42.373479
true,191.032763,10,1,0,0,1,0.000000,0.000000,191.032763
true,7149.210484,6,1,0,0,1,0.000000,0.000000,7149.210484
true,939.989792,10,1,0,0,1,0.000000,0.000000,939.989792
true,37826.801132,6,2,0,0,2,0.000000,0.000000,37826.801132
true,65762.195220,4,3,0,0,3,0.000000,0.000000,65762.195220
true,1516.804587,3,1,0,0,1,0.000000,0.000000,1516.804587
true,4461.175277,10,1,0,0,1,0.000000,0.000000,4461.175277
true,1574.067563,5,1,0,0,1,0.000000,0.000000,1574.067563
true,13203.520228,7,1,0,0,1,0.000000,0.000000,13203.520228
true,2160.759629,6,1,1,0,0,2160.759629,0.000000,0.000000
true,7064.791202,9,2,0,0,2,0.000000,0.000000,7064.791202
true,3745.566722,9,1,0,0,1,0.000000,0.000000,3745.566722
true,15000.691402,6,1,0,0,1,0.000000,0.000000,15000.691402
true,64742.701999,8,2,0,0,2,0.000000,0.000000,64742.701999
true,18369.293433,5,4,0,0,4,0.000000,0.000000,18369.293433
true,13749.268617,7,2,0,0,2,0.000000,0.000000,13749.268617
true,31407.459742,4,3,1,0,3,224.423787,0.000000,31183.035955
true,808.681202,4,1,0,0,1,0.000000,0.000000,808.681202
true,14847.613046,7,3,0,0,3,0.000000,0.000000,14847.613046
true,3095.487467,7,2,0,0,2,0.000000,0.000000,3095.487467
true,7106.226571,5,3,0,0,3,0.000000,0.000000,7106.226571
true,79781.059948,5,3,1,0,3,135.902839,0.000000,79645.157109
true,7245.375428,4,1,0,0,1,0.000000,0.000000,7245.375428
true,2675.735317,10,1,1,0,0,2675.735317,0.000000,0.000000
true,3207.654669,6,1,0,0,1,0.000000,0.000000,3207.654669
true,37099.807495,2,1,0,0,1,0.000000,0.000000,37099.807495
true,1972.614571,10,1,0,0,1,0.000000,0.000000,1972.614571
true,14666.923804,10,1,0,0,1,0.000000,0.000000,14666.923804
true,2099.577085,3,1,0,0,1,0.000000,0.000000,2099.577085
true,7435.933978,5,1,0,0,1,0.000000,0.000000,7435.933978
true,34337.414039,6,5,0,0,5,0.000000,0.000000,34337.414039
true,5564.763348,9,1,0,0,1,0.000000,0.000000,5564.763348
true,4077.502945,8,1,0,0,1,0.000000,0.000000,4077.502945
true,5338.395119,4,2,0,0,2,0.000000,0.000000,5338.395119
true,15298.371616,7,3,0,0,3,0.000000,0.000000,15298.371616
true,1585.865384,9,1,0,0,1,0.000000,0.000000,1585.865384
true,2292.667219,10,1,0,0,1,0.000000,0.000000,2292.667219
true,1957.828286,6,1,0,0,1,0.000000,0.000000,1957.828286
true,2855.091303,10,1,0,0,1,0.000000,0.000000,2855.091303
true,25149.987185,9,1,0,0,1,0.000000,0.000000,25149.987185
true,6760.286802,4,1,0,0,1,0.000000,0.000000,6760.286802
true,16166.738084,4,1,0,0,1,0.000000,0.000000,16166.738084
true,816.521918,4,1,1,0,0,816.521918,0.000000,0.000000
true,14723.858874,5,1,0,0,1,0.000000,0.000000,14723.858874
true,6709.722535,9,2,0,0,2,0.000000,0.000000,6709.722535
true,22839.287826,7,1,0,0,1,0.000000,0.000000,22839.287826
true,129.445398,9,1,1,0,0,129.445398,0.000000,0.000000
true,8712.804705,6,1,0,0,1,0.000000,0.000000,8712.804705
true,59210.981326,4,3,0,0,3,0.000000,0.000000,59210.981326
true,654.296840,3,1,0,0,1,0.000000,0.000000,654.296840
true,14428.515744,8,2,0,0,2,0.000000,0.000000,14428.515744
true,268.851798,9,1,1,0,0,268.851798,0.000000,0.000000
true,10045.726973,5,1,0,0,1,0.000000,0.000000,10045.726973
true,6609.803778,10,1,0,0,1,0.000000,0.000000,6609.803778
true,90514.013887,6,4,0,0,4,0.000000,0.000000,90514.013887
true,232.490577,10,1,0,0,1,0.000000,0.000000,232.490577
true,187.822288,9,1,1,0,0,187.822288,0.000000,0.000000
true,6011.227389,8,1,0,0,1,0.000000,0.000000,6011.227389
true,15611.853725,10,1,0,0,1,0.000000,0.000000,15611.853725
true,2628.058134,9,1,0,0,1,0.000000,0.000000,2628.058134
true,10248.894048,5,2,0,0,2,0.000000,0.000000,10248.894048
true,13284.463130,3,3,0,0,3,0.000000,0.000000,13284.463130
true,2387.350126,7,1,0,0,1,0.000000,0.000000,2387.350126
true,3302.901262,8,1,0,0,1,0.000000,0.000000,3302.901262
true,24403.729125,6,2,0,0,2,0.000000,0.000000,24403.729125
true,4862.005650,10,1,0,0,1,0.000000,0.000000,4862.005650
true,9872.076134,9,1,0,0,1,0.000000,0.000000,9872.076134
true,73.289911,9,1,0,0,1,0.000000,0.000000,73.289911
true,4321.031761,4,1,0,0,1,0.000000,0.000000,4321.031761
true,12683.336257,9,1,0,0,1,0.000000,0.000000,12683.336257
true,10405.524448,6,1,0,0,1,0.000000,0.000000,10405.524448
true,4673.121400,3,1,0,0,1,0.000000,0.000000,4673.121400
true,26519.843409,8,2,0,0,2,0.000000,0.000000,26519.843409
true,28000.399650,7,2,0,0,2,0.000000,0.000000,28000.399650
true,6285.482624,9,1,0,0,1,0.000000,0.000000,6285.482624
true,7584.643949,10,1,0,0,1,0.000000,0.000000,7584.643949
true,3230.682934,7,1,0,0,1,0.000000,0.000000,3230.682934
true,19596.828137,10,1,0,0,1,0.000000,0.000000,19596.828137
true,34684.100195,9,2,0,0,2,0.000000,0.000000,34684.100195
true,15094.314718,8,1,0,0,1,0.000000,0.000000,15094.314718
true,3455.695414,5,1,0,0,1,0.000000,0.000000,3455.695414
true,176.451450,7,1,1,0,0,176.451450,0.000000,0.000000
true,7765.385844,7,1,0,0,1,0.000000,0.000000,7765.385844
true,1050.770571,10,1,0,0,1,0.000000,0.000000,1050.770571
true,8123.492613,5,2,1,0,1,176.711844,0.000000,7946.780770
true,3117.886718,10,1,0,0,1,0.000000,0.000000,3117.886718
true,19.746595,10,1,1,0,0,19.746595,0.000000,0.000000
true,96.851606,8,1,1,0,0,96.851606,0.000000,0.000000
true,5027.956900,9,1,0,0,1,0.000000,0.000000,5027.956900
true,24636.487030,9,1,0,0,1,0.000000,0.000000,24636.487030
true,34375.857354,5,3,0,0,3,0.000000,0.000000,34375.857354
true,8199.042118,10,1,0,0,1,0.000000,0.000000,8199.042118
true,18180.165905,9,2,0,0,2,0.000000,0.000000,18180.165905
true,16830.920969,8,2,0,0,2,0.000000,0.000000,16830.920969
true,2382.808402,5,1,0,0,1,0.000000,0.000000,2382.808402
true,3469.179124,8,1,0,0,1,0.000000,0.000000,3469.179124
true,9073.187194,9,1,0,0,1,0.000000,0.000000,9073.187194
true,6356.110636,10,1,0,0,1,0.000000,0.000000,6356.110636
true,8452.268237,8,2,0,0,2,0.000000,0.000000,8452.268237
true,6850.287251,10,1,0,0,1,0.000000,0.000000,6850.287251
true,1270.156347,6,1,0,0,1,0.000000,0.000000,1270.156347
true,27252.877784,7,3,0,0,3,0.000000,0.000000,27252.877784
true,3847.296268,5,1,0,0,1,0.000000,0.000000,3847.296268
true,21200.688319,8,1,0,0,1,0.000000,0.000000,21200.688319
true,31007.068514,6,4,0,0,4,0.000000,0.000000,31007.068514
true,48032.587816,9,2,0,0,2,0.000000,0.000000,48032.587816
true,5833.079342,10,1,0,0,1,0.000000,0.000000,5833.079342
true,67.773494,9,1,0,0,1,0.000000,0.000000,67.773494
true,708.500894,6,1,0,0,1,0.000000,0.000000,708.500894
true,33212.164005,4,4,0,0,4,0.000000,0.000000,33212.164005
true,25800.427435,8,2,0,0,2,0.000000,0.000000,25800.427435
true,14506.350504,10,1,0,0,1,0.000000,0.000000,14506.350504
true,948.754518,9,1,0,0,1,0.000000,0.000000,948.754518
true,14407.067561,6,2,0,0,2,0.000000,0.000000,14407.067561
true,2456.358516,10,1,0,0,1,0.000000,0.000000,2456.358516
true,5614.708850,10,1,0,0,1,0.000000,0.000000,5614.708850
true,455.968456,8,1,0,0,1,0.000000,0.000000,455.968456
true,9056.075930,6,2,0,0,2,0.000000,0.000000,9056.075930
true,88431.553036,4,2,0,0,2,0.000000,0.000000,88431.553036
true,2936.678838,7,2,0,0,2,0.000000,0.000000,2936.678838
true,24275.674122,8,2,0,0,2,0.000000,0.000000,24275.674122
true,257.633971,7,1,0,0,1,0.000000,0.000000,257.633971
true,5356.012773,9,1,0,0,1,0.000000,0.000000,5356.012773
true,3067.240665,10,1,0,0,1,0.000000,0.000000,3067.240665
true,3551.906338,5,1,0,0,1,0.000000,0.000000,3551.906338
true,6936.798667,5,2,0,0,2,0.000000,0.000000,6936.798667
true,24694.162558,10,1,0,0,1,0.000000,0.000000,24694.162558
true,2525.931189,10,1,0,0,1,0.000000,0.000000,2525.931189
true,7972.410181,7,1,0,0,1,0.000000,0.000000,7972.410181
true,9132.643027,6,1,0,0,1,0.000000,0.000000,9132.643027
true,125087.175803,5,5,0,0,5,0.000000,0.000000,125087.175803
true,13589.157028,3,2,1,0,1,34.584475,0.000000,13554.572552
true,12809.907562,6,1,0,0,1,0.000000,0.000000,12809.907562
true,3184.142765,6,1,0,0,1,0.000000,0.000000,3184.142765
true,43339.783348,3,5,0,0,5,0.000000,0.000000,43339.783348
true,5921.333062,9,1,1,0,1,114.823770,0.000000,5806.509292
true,1148.188758,6,2,0,0,2,0.000000,0.000000,1148.188758
true,1388.786821,8,1,0,0,1,0.000000,0.000000,1388.786821
true,31297.473870,10,1,0,0,1,0.000000,0.000000,31297.473870
true,154.438148,8,1,1,0,0,154.438148,0.000000,0.000000
true,11506.281588,9,2,1,0,1,26.778773,0.000000,11479.502815
true,18296.129855,7,2,0,0,2,0.000000,0.000000,18296.129855
true,54555.466430,9,2,0,0,2,0.000000,0.000000,54555.466430
true,2317.544820,5,2,0,0,2,0.000000,0.000000,2317.544820
true,3773.589669,10,1,0,0,1,0.000000,0.000000,3773.589669
true,18846.798517,8,2,0,0,2,0.000000,0.000000,18846.798517
true,35183.235162,4,3,0,0,3,0.000000,0.000000,35183.235162
true,1077.823347,10,1,0,0,1,0.000000,0.000000,1077.823347
true,33008.681613,10,1,0,0,1,0.000000,0.000000,33008.681613
true,30332.708376,6,2,0,0,2,0.000000,0.000000,30332.708376
true,8.630054,6,1,1,0,0,8.630054,0.000000,0.000000
true,3721.483416,3,1,0,0,1,0.000000,0.000000,3721.483416
true,496.115160,10,1,0,0,1,0.000000,0.000000,496.115160
true,12949.948623,7,1,0,0,1,0.000000,0.000000,12949.948623
true,717.715808,10,1,0,0,1,0.000000,0.000000,717.715808
true,6017.686671,6,1,0,0,1,0.000000,0.000000,6017.686671
true,5233.724058,10,1,0,0,1,0.000000,0.000000,5233.724058
true,2296.988838,6,1,0,0,1,0.000000,0.000000,2296.988838
true,3661.031519,5,1,0,0,1,0.000000,0.000000,3661.031519
true,262.307462,6,1,0,0,1,0.000000,0.000000,262.307462
true,1372.278936,10,1,0,0,1,0.000000,0.000000,1372.278936
true,2565.037666,9,1,0,0,1,0.000000,0.000000,2565.037666
true,1059.542576,10,1,0,0,1,0.000000,0.000000,1059.542576
true,138.523013,6,1,1,0,0,138.523013,0.000000,0.000000
true,5039.892474,7,2,0,0,2,0.000000,0.000000,5039.892474
true,72980.215523,6,4,0,0,4,0.000000,0.000000,72980.215523
true,6032.046073,6,1,0,0,1,0.000000,0.000000,6032.046073
true,4898.379313,10,1,0,0,1,0.000000,0.000000,4898.379313
true,142.316595,8,1,1,0,0,142.316595,0.000000,0.000000
true,15047.210394,9,2,0,0,2,0.000000,0.000000,15047.210394
true,4443.587580,7,1,0,0,1,0.000000,0.000000,4443.587580
true,21030.298526,9,2,0,0,2,0.000000,0.000000,21030.298526
true,4867.229634,9,1,0,0,1,0.000000,0.000000,4867.229634
true,21473.311771,7,2,0,0,2,0.000000,0.000000,21473.311771
true,4719.352226,10,1,0,0,1,0.000000,0.000000,4719.352226
true,392.036155,10,1,1,0,0,392.036155,0.000000,0.000000
true,74.198598,7,1,0,0,1,0.000000,0.000000,74.198598
true,10361.227793,9,2,0,0,2,0.000000,0.000000,10361.227793
true,31894.924281,6,2,0,0,2,0.000000,0.000000,31894.924281
true,3227.491021,9,1,0,0,1,0.000000,0.000000,3227.491021
true,7924.336723,10,1,0,0,1,0.000000,0.000000,7924.336723
true,3658.866450,10,1,0,0,1,0.000000,0.000000,3658.866450
true,15768.671051,10,1,0,0,1,0.000000,0.000000,15768.671051
true,6039.017379,10,1,0,0,1,0.000000,0.000000,6039.017379
true,1429.282420,8,1,0,0,1,0.000000,0.000000,1429.282420
true,24312.159695,5,3,0,0,3,0.000000,0.000000,24312.159695
true,11.675750,10,1,0,0,1,0.000000,0.000000,11.675750
true,40593.569111,5,1,0,0,1,0.000000,0.000000,40593.569111
true,5804.917781,8,1,0,0,1,0.000000,0.000000,5804.917781
true,2051.061852,7,1,0,0,1,0.000000,0.000000,2051.061852
true,389.139483,4,1,1,0,0,389.139483,0.000000,0.000000
true,1512.136908,6,1,0,0,1,0.000000,0.000000,1512.136908
true,44839.458365,5,1,0,0,1,0.000000,0.000000,44839.458365
true,66574.029163,7,2,0,0,2,0.000000,0.000000,66574.029163
true,27754.248910,9,2,0,0,2,0.000000,0.000000,27754.248910
true,11045.442007,10,1,0,0,1,0.000000,0.000000,11045.442007
true,14475.959226,7,1,0,0,1,0.000000,0.000000,14475.959226
true,13549.296823,10,1,0,0,1,0.000000,0.000000,13549.296823
true,324.945190,7,1,0,0,1,0.000000,0.000000,324.945190
true,15737.291204,10,1,0,0,1,0.000000,0.000000,15737.291204
true,5904.890043,10,1,0,0,1,0.000000,0.000000,5904.890043
true,226.061011,7,1,0,0,1,0.000000,0.000000,226.061011
true,10461.965401,9,1,0,0,1,0.000000,0.000000,10461.965401
true,67.960148,4,1,1,0,0,67.960148,0.000000,0.000000
true,25504.437997,6,3,0,0,3,0.000000,0.000000,25504.437997
true,607.181123,5,1,1,0,0,607.181123,0.000000,0.000000
true,1309.729933,10,1,0,0,1,0.000000,0.000000,1309.729933
true,19450.162127,6,3,0,0,3,0.000000,0.000000,19450.162127
true,7904.066981,7,1,0,0,1,0.000000,0.000000,7904.066981
true,17359.411361,8,2,0,0,2,0.000000,0.000000,17359.411361
true,1949.972226,5,1,0,0,1,0.000000,0.000000,1949.972226
true,16615.771963,10,1,1,0,1,858.462027,0.000000,15757.309935
true,15676.626119,8,1,0,0,1,0.000000,0.000000,15676.626119
true,28283.592109,8,1,0,0,1,0.000000,0.000000,28283.592109
true,16814.115491,9,1,0,0,1,0.000000,0.000000,16814.115491
true,55020.227773,8,3,0,0,3,0.000000,0.000000,55020.227773
true,7103.676614,9,1,0,0,1,0.000000,0.000000,7103.676614
true,1585.018298,9,1,0,0,1,0.000000,0.000000,1585.018298
true,3862.983217,10,1,0,0,1,0.000000,0.000000,3862.983217
true,2877.520137,3,2,0,0,2,0.000000,0.000000,2877.520137
true,681.269316,9,1,0,0,1,0.000000,0.000000,681.269316
true,14298.901222,6,2,0,0,2,0.000000,0.000000,14298.901222
true,8419.014902,5,1,0,0,1,0.000000,0.000000,8419.014902
true,30014.962662,6,3,0,0,3,0.000000,0.000000,30014.962662
true,17669.386395,8,1,0,0,1,0.000000,0.000000,17669.386395
true,1173.024447,7,2,2,0,0,1173.024447,0.000000,0.000000
true,11776.945244,3,2,0,0,2,0.000000,0.000000,11776.945244
true,26530.601730,5,2,0,0,2,0.000000,0.000000,26530.601730
true,23834.071249,4,4,0,0,4,0.000000,0.000000,23834.071249
true,3123.526694,10,1,0,0,1,0.000000,0.000000,3123.526694
true,1312.047030,10,1,0,0,1,0.000000,0.000000,1312.047030
true,21538.605683,8,1,0,0,1,0.000000,0.000000,21538.605683
true,8962.993018,4,1,0,0,1,0.000000,0.000000,8962.993018
true,1087.376239,10,1,0,0,1,0.000000,0.000000,1087.376239
true,39859.689281,6,1,1,0,1,3829.156374,0.000000,36030.532907
true,8276.022614,9,1,0,0,1,0.000000,0.000000,8276.022614
true,4275.837333,6,1,0,0,1,0.000000,0.000000,4275.837333
true,2970.681235,4,1,0,0,1,0.000000,0.000000,2970.681235
true,371.923457,8,1,0,0,1,0.000000,0.000000,371.923457
true,68680.779645,8,3,0,0,3,0.000000,0.000000,68680.779645
true,3317.974752,8,1,0,0,1,0.000000,0.000000,3317.974752
true,429.793723,6,1,0,0,1,0.000000,0.000000,429.793723
true,64679.661242,4,3,0,0,3,0.000000,0.000000,64679.661242
true,3930.357647,6,2,0,0,2,0.000000,0.000000,3930.357647
true,2988.653114,5,1,0,0,1,0.000000,0.000000,2988.653114
true,2274.185440,10,1,0,0,1,0.000000,0.000000,2274.185440
true,1177.080838,3,2,1,0,1,336.962132,0.000000,840.118706
true,13040.751821,9,2,0,0,2,0.000000,0.000000,13040.751821
true,6395.117781,7,1,0,0,1,0.000000,0.000000,6395.117781
true,28109.101356,6,2,0,0,2,0.000000,0.000000,28109.101356
true,3738.595641,3,2,0,0,2,0.000000,0.000000,3738.595641
true,323.777040,8,1,1,0,0,323.777040,0.000000,0.000000
true,4881.513056,3,2,0,0,2,0.000000,0.000000,4881.513056
true,22778.814557,6,3,0,0,3,0.000000,0.000000,22778.814557
true,8421.436218,6,2,0,0,2,0.000000,0.000000,8421.436218
true,25350.806623,8,2,0,0,2,0.000000,0.000000,25350.806623
true,38907.384138,6,1,0,0,1,0.000000,0.000000,38907.384138
true,7906.147001,7,2,0,0,2,0.000000,0.000000,7906.147001
true,2373.339425,4,1,0,0,1,0.000000,0.000000,2373.339425
true,16690.178899,6,2,0,0,2,0.000000,0.000000,16690.178899
true,6384.753782,4,1,0,0,1,0.000000,0.000000,6384.753782
true,9319.306013,9,1,0,0,1,0.000000,0.000000,9319.306013
true,7203.701734,3,1,0,0,1,0.000000,0.000000,7203.701734
true,8415.842581,6,1,0,0,1,0.000000,0.000000,8415.842581
true,979.606673,7,1,0,0,1,0.000000,0.000000,979.606673
true,14153.691089,8,2,0,0,2,0.000000,0.000000,14153.691089
true,347.156604,8,1,0,0,1,0.000000,0.000000,347.156604
true,117.336052,5,1,1,0,0,117.336052,0.000000,0.000000
true,978.910098,6,1,0,0,1,0.000000,0.000000,978.910098
true,180.217650,5,1,0,0,1,0.000000,0.000000,180.217650
true,242.311180,8,1,1,0,0,242.311180,0.000000,0.000000
true,73094.647438,4,4,0,0,4,0.000000,0.000000,73094.647438
true,150.297961,9,1,1,0,0,150.297961,0.000000,0.000000
true,900.647874,10,1,0,0,1,0.000000,0.000000,900.647874
true,36363.767097,9,1,0,0,1,0.000000,0.000000,36363.767097
true,20911.667559,9,2,0,0,2,0.000000,0.000000,20911.667559
true,2335.447801,6,1,0,0,1,0.000000,0.000000,2335.447801
true,8104.201854,6,1,0,0,1,0.000000,0.000000,8104.201854
true,6746.275804,6,2,0,0,2,0.000000,0.000000,6746.275804
true,4789.284219,9,1,0,0,1,0.000000,0.000000,4789.284219
true,3707.536313,10,1,0,0,1,0.000000,0.000000,3707.536313
true,565.367617,9,1,1,0,0,565.367617,0.000000,0.000000
true,12962.289130,6,1,0,0,1,0.000000,0.000000,12962.289130
true,27189.863450,8,1,0,0,1,0.000000,0.000000,27189.863450
true,4179.117024,7,1,0,0,1,0.000000,0.000000,4179.117024
true,12830.616900,9,1,0,0,1,0.000000,0.000000,12830.616900
true,5302.157226,5,1,0,0,1,0.000000,0.000000,5302.157226
true,9884.402473,9,1,0,0,1,0.000000,0.000000,9884.402473
true,634.267691,10,1,1,0,0,634.267691,0.000000,0.000000
true,6905.630536,7,2,0,0,2,0.000000,0.000000,6905.630536
true,8445.371949,7,1,0,0,1,0.000000,0.000000,8445.371949
true,1187.321061,4,1,0,0,1,0.000000,0.000000,1187.321061
true,46208.243682,8,2,0,0,2,0.000000,0.000000,46208.243682
true,38.159878,10,1,0,0,1,0.000000,0.000000,38.159878
true,1870.785323,10,1,0,0,1,0.000000,0.000000,1870.785323
true,5329.717372,8,1,0,0,1,0.000000,0.000000,5329.717372
true,11373.735195,5,2,0,0,2,0.000000,0.000000,11373.735195
true,8158.224979,7,1,0,0,1,0.000000,0.000000,8158.224979
true,17465.651463,5,3,1,0,2,48.888977,0.000000,17416.762486
true,565.572194,9,1,0,0,1,0.000000,0.000000,565.572194
true,5233.328327,7,1,0,0,1,0.000000,0.000000,5233.328327
true,146.421504,7,1,0,0,1,0.000000,0.000000,146.421504
true,63096.816236,6,3,0,0,3,0.000000,0.000000,63096.816236
true,6042.617869,9,1,0,0,1,0.000000,0.000000,6042.617869
true,1356.080874,4,1,0,0,1,0.000000,0.000000,1356.080874
true,770.235684,7,1,0,0,1,0.000000,0.000000,770.235684
true,5625.457438,9,1,0,0,1,0.000000,0.000000,5625.457438
true,379.050185,9,1,0,0,1,0.000000,0.000000,379.050185
true,780.799092,6,2,1,0,1,76.794455,0.000000,704.004637
true,20505.021698,7,1,0,0,1,0.000000,0.000000,20505.021698
true,4157.802513,3,2,0,0,2,0.000000,0.000000,4157.802513
true,3387.482970,7,1,0,0,1,0.000000,0.000000,3387.482970
true,3236.283939,7,1,0,0,1,0.000000,0.000000,3236.283939
true,1830.726478,4,1,0,0,1,0.000000,0.000000,1830.726478
true,5579.107491,7,1,0,0,1,0.000000,0.000000,5579.107491
true,2176.374895,10,1,0,0,1,0.000000,0.000000,2176.374895
true,34823.317651,8,1,0,0,1,0.000000,0.000000,34823.317651
true,23031.925604,8,3,0,0,3,0.000000,0.000000,23031.925604
true,20971.968155,10,1,0,0,1,0.000000,0.000000,20971.968155
true,909.430465,7,1,0,0,1,0.000000,0.000000,909.430465
true,8797.884577,8,2,0,0,2,0.000000,0.000000,8797.884577
true,2588.362244,7,1,0,0,1,0.000000,0.000000,2588.362244
true,20327.154654,7,2,0,0,2,0.000000,0.000000,20327.154654
true,13765.788349,8,1,0,0,1,0.000000,0.000000,13765.788349
true,6375.411392,8,2,0,0,2,0.000000,0.000000,6375.411392
true,74593.221494,6,2,0,0,2,0.000000,0.000000,74593.221494
true,917.001171,3,1,0,0,1,0.000000,0.000000,917.001171
true,1924.444289,9,1,0,0,1,0.000000,0.000000,1924.444289
true,30202.779112,8,2,0,0,2,0.000000,0.000000,30202.779112
true,3406.848234,7,1,0,0,1,0.000000,0.000000,3406.848234
true,1067.494863,8,1,0,0,1,0.000000,0.000000,1067.494863
true,4943.405888,6,2,0,0,2,0.000000,0.000000,4943.405888
true,3171.494093,3,1,0,0,1,0.000000,0.000000,3171.494093
true,133.874317,5,1,0,0,1,0.000000,0.000000,133.874317
true,4123.833389,10,1,0,0,1,0.000000,0.000000,4123.833389
true,2091.358891,10,1,0,0,1,0.000000,0.000000,2091.358891
true,7785.278773,10,1,0,0,1,0.000000,0.000000,7785.278773
true,1628.563647,8,2,1,0,1,278.290329,0.000000,1350.273317
true,1188.493126,10,1,0,0,1,0.000000,0.000000,1188.493126
true,11758.043211,6,4,0,0,4,0.000000,0.000000,11758.043211
true,6387.727442,10,1,0,0,1,0.000000,0.000000,6387.727442
true,148.638579,8,1,0,0,1,0.000000,0.000000,148.638579
true,5449.446088,7,3,0,0,3,0.000000,0.000000,5449.446088
true,856.502164,4,1,1,0,0,856.502164,0.000000,0.000000
true,35039.905954,9,2,1,0,2,323.195095,0.000000,34716.710859
true,1264.641780,8,1,0,0,1,0.000000,0.000000,1264.641780
true,26814.043231,6,3,0,0,3,0.000000,0.000000,26814.043231
true,99.545135,2,1,0,0,1,0.000000,0.000000,99.545135
true,2809.669428,9,1,0,0,1,0.000000,0.000000,2809.669428
true,12688.692415,7,1,0,0,1,0.000000,0.000000,12688.692415
true,15295.484942,8,1,0,0,1,0.000000,0.000000,15295.484942
true,32019.167061,8,2,0,0,2,0.000000,0.000000,32019.167061
true,5270.165169,6,2,0,0,2,0.000000,0.000000,5270.165169
true,64.095357,10,1,0,0,1,0.000000,0.000000,64.095357
true,2510.037978,6,1,0,0,1,0.000000,0.000000,2510.037978
true,79009.960707,7,1,0,0,1,0.000000,0.000000,79009.960707
true,303.751807,6,1,1,0,0,303.751807,0.000000,0.000000
true,681.463571,7,1,1,0,0,681.463571,0.000000,0.000000
true,32549.512883,10,1,0,0,1,0.000000,0.000000,32549.512883
true,2220.703282,8,1,0,0,1,0.000000,0.000000,2220.703282
true,35122.858827,5,3,0,0,3,0.000000,0.000000,35122.858827
true,18975.753522,7,1,0,0,1,0.000000,0.000000,18975.753522
true,12059.940513,7,1,0,0,1,0.000000,0.000000,12059.940513
true,6089.293581,3,1,0,0,1,0.000000,0.000000,6089.293581
true,15976.589517,4,2,0,0,2,0.000000,0.000000,15976.589517
true,7189.102396,4,2,0,0,2,0.000000,0.000000,7189.102396
true,1705.266027,3,1,0,0,1,0.000000,0.000000,1705.266027
true,5036.293965,9,1,0,0,1,0.000000,0.000000,5036.293965
true,17803.632269,9,1,0,0,1,0.000000,0.000000,17803.632269
true,695.070423,10,1,1,0,0,695.070423,0.000000,0.000000
true,40452.959947,8,2,0,0,2,0.000000,0.000000,40452.959947
true,17484.929077,9,2,0,0,2,0.000000,0.000000,17484.929077
true,1491.742703,8,1,0,0,1,0.000000,0.000000,1491.742703
true,2007.499822,6,1,0,0,1,0.000000,0.000000,2007.499822
true,6363.523287,10,1,0,0,1,0.000000,0.000000,6363.523287
true,10069.044090,5,2,0,0,2,0.000000,0.000000,10069.044090
true,10742.394180,7,2,0,0,2,0.000000,0.000000,10742.394180
true,199.610928,9,1,1,0,0,199.610928,0.000000,0.000000
true,20594.547031,2,2,0,0,2,0.000000,0.000000,20594.547031
true,3075.336802,10,1,0,0,1,0.000000,0.000000,3075.336802
true,11431.288472,3,2,0,0,2,0.000000,0.000000,11431.288472
true,3667.290538,9,1,0,0,1,0.000000,0.000000,3667.290538
true,2227.681463,5,1,0,0,1,0.000000,0.000000,2227.681463
true,11380.114858,8,2,0,0,2,0.000000,0.000000,11380.114858
true,8801.608775,7,2,0,0,2,0.000000,0.000000,8801.608775
true,14696.491301,7,2,0,0,2,0.000000,0.000000,14696.491301
true,10445.781954,10,1,0,0,1,0.000000,0.000000,10445.781954
true,152.544257,8,1,1,0,0,152.544257,0.000000,0.000000
true,5916.974174,4,1,0,0,1,0.000000,0.000000,5916.974174
true,7283.638988,5,1,0,0,1,0.000000,0.000000,7283.638988
true,129.922321,7,1,0,0,1,0.000000,0.000000,129.922321
true,1776.223778,5,1,1,0,0,1776.223778,0.000000,0.000000
true,3797.653921,9,1,0,0,1,0.000000,0.000000,3797.653921
true,21141.693720,7,2,0,0,2,0.000000,0.000000,21141.693720
true,3873.554717,6,1,0,0,1,0.000000,0.000000,3873.554717
true,950.168620,6,1,0,0,1,0.000000,0.000000,950.168620
true,8542.497913,9,2,0,0,2,0.000000,0.000000,8542.497913
true,5463.741745,10,1,0,0,1,0.000000,0.000000,5463.741745
true,253.586281,10,1,1,0,0,253.586281,0.000000,0.000000
true,6405.474331,8,1,0,0,1,0.000000,0.000000,6405.474331
true,2162.100961,9,2,1,0,1,302.710835,0.000000,1859.390126
true,6425.951063,9,2,0,0,2,0.000000,0.000000,6425.951063
true,13292.746805,7,1,0,0,1,0.000000,0.000000,13292.746805
true,2314.923521,10,1,1,0,0,2314.923521,0.000000,0.000000
true,117466.597033,7,4,0,0,4,0.000000,0.000000,117466.597033
true,22171.699903,10,1,0,0,1,0.000000,0.000000,22171.699903
true,116759.626973,5,5,0,0,5,0.000000,0.000000,116759.626973
true,20867.924168,9,1,0,0,1,0.000000,0.000000,20867.924168
true,10621.397624,10,1,0,0,1,0.000000,0.000000,10621.397624
true,9000.830851,9,2,0,0,2,0.000000,0.000000,9000.830851
true,61353.749788,7,2,0,0,2,0.000000,0.000000,61353.749788
true,20277.510569,9,2,0,0,2,0.000000,0.000000,20277.510569
true,60047.536890,6,2,0,0,2,0.000000,0.000000,60047.536890
true,5483.699326,9,1,0,0,1,0.000000,0.000000,5483.699326
true,10750.573264,9,1,0,0,1,0.000000,0.000000,10750.573264
true,17134.409181,5,1,0,0,1,0.000000,0.000000,17134.409181
true,921.544107,10,1,0,0,1,0.000000,0.000000,921.544107
true,39046.731869,8,1,0,0,1,0.000000,0.000000,39046.731869
true,3538.937483,10,1,0,0,1,0.000000,0.000000,3538.937483
true,31900.333345,7,1,0,0,1,0.000000,0.000000,31900.333345
true,98966.705189,6,5,1,0,4,2178.571931,0.000000,96788.133258
true,15498.345861,6,3,0,0,3,0.000000,0.000000,15498.345861
true,2261.775466,9,1,0,0,1,0.000000,0.000000,2261.775466
true,15676.790222,6,3,0,0,3,0.000000,0.000000,15676.790222
true,15752.326247,7,2,0,0,2,0.000000,0.000000,15752.326247
true,19514.871396,9,2,0,0,2,0.000000,0.000000,19514.871396
true,5428.798814,9,1,0,0,1,0.000000,0.000000,5428.798814
true,100421.224824,7,3,0,0,3,0.000000,0.000000,100421.224824
true,166.602856,10,1,1,0,0,166.602856,0.000000,0.000000
true,13550.994582,9,2,0,0,2,0.000000,0.000000,13550.994582
true,3081.275321,8,1,0,0,1,0.000000,0.000000,3081.275321
true,16174.279142,5,2,0,0,2,0.000000,0.000000,16174.279142
true,3209.718766,10,1,0,0,1,0.000000,0.000000,3209.718766
true,15839.393770,7,1,0,0,1,0.000000,0.000000,15839.393770
true,107.819890,7,1,1,0,0,107.819890,0.000000,0.000000
true,232.728163,10,1,0,0,1,0.000000,0.000000,232.728163
true,361.881928,9,1,1,0,0,361.881928,0.000000,0.000000
true,7327.103172,9,1,0,0,1,0.000000,0.000000,7327.103172
true,8830.367135,6,2,0,0,2,0.000000,0.000000,8830.367135
true,781.900186,10,1,0,0,1,0.000000,0.000000,781.900186
true,2291.206827,9,1,0,0,1,0.000000,0.000000,2291.206827
true,8902.079922,6,1,0,0,1,0.000000,0.000000,8902.079922
true,16643.510539,6,1,0,0,1,0.000000,0.000000,16643.510539
true,11876.935667,10,1,0,0,1,0.000000,0.000000,11876.935667
true,1955.678898,10,1,0,0,1,0.000000,0.000000,1955.678898
true,8242.642048,8,1,0,0,1,0.000000,0.000000,8242.642048
true,8169.910208,7,3,0,0,3,0.000000,0.000000,8169.910208
true,9640.327186,7,2,0,0,2,0.000000,0.000000,9640.327186
true,2178.573013,3,1,0,0,1,0.000000,0.000000,2178.573013
true,11624.688935,8,2,0,0,2,0.000000,0.000000,11624.688935
true,9179.072928,8,1,0,0,1,0.000000,0.000000,9179.072928
true,1552.400000,9,1,0,1,0,0.000000,1552.400000,0.000000
true,6381.038126,5,1,0,0,1,0.000000,0.000000,6381.038126
true,4457.750792,7,1,0,0,1,0.000000,0.000000,4457.750792
true,2950.778461,5,1,0,0,1,0.000000,0.000000,2950.778461
true,32863.780888,8,2,0,0,2,0.000000,0.000000,32863.780888
true,2232.786318,6,1,0,0,1,0.000000,0.000000,2232.786318
true,940.598059,5,1,0,0,1,0.000000,0.000000,940.598059
true,7953.445693,7,1,0,0,1,0.000000,0.000000,7953.445693
true,147.917092,9,1,1,0,0,147.917092,0.000000,0.000000
true,102088.526613,6,3,0,0,3,0.000000,0.000000,102088.526613
true,2043.915965,10,1,0,0,1,0.000000,0.000000,2043.915965
true,12694.873246,7,1,0,0,1,0.000000,0.000000,12694.873246
true,2672.010446,5,1,0,0,1,0.000000,0.000000,2672.010446
true,49618.597393,9,1,0,0,1,0.000000,0.000000,49618.597393
true,482.699690,7,1,0,0,1,0.000000,0.000000,482.699690
true,2253.552636,9,1,0,0,1,0.000000,0.000000,2253.552636
true,92056.141810,6,4,0,0,4,0.000000,0.000000,92056.141810
true,341.895540,6,1,1,0,0,341.895540,0.000000,0.000000
true,3227.169558,6,1,0,0,1,0.000000,0.000000,3227.169558
true,11253.693399,8,2,0,0,2,0.000000,0.000000,11253.693399
true,10.135116,10,1,1,0,0,10.135116,0.000000,0.000000
true,2898.752132,5,1,0,0,1,0.000000,0.000000,2898.752132
true,4704.851436,10,1,0,0,1,0.000000,0.000000,4704.851436
true,3972.230060,3,1,0,0,1,0.000000,0.000000,3972.230060
true,1636.769438,4,1,0,0,1,0.000000,0.000000,1636.769438
true,16726.198215,9,1,0,0,1,0.000000,0.000000,16726.198215
true,24485.337208,10,1,0,0,1,0.000000,0.000000,24485.337208
true,11290.563809,3,1,0,0,1,0.000000,0.000000,11290.563809
true,90624.122806,4,3,0,0,3,0.000000,0.000000,90624.122806
true,2068.342237,9,1,1,0,0,2068.342237,0.000000,0.000000
true,780.448920,3,1,0,0,1,0.000000,0.000000,780.448920
true,780.145676,6,1,0,0,1,0.000000,0.000000,780.145676
true,41496.333182,9,1,0,0,1,0.000000,0.000000,41496.333182
true,4058.906886,9,2,0,0,2,0.000000,0.000000,4058.906886
true,16604.540263,10,1,0,0,1,0.000000,0.000000,16604.540263
true,272.683597,10,1,0,0,1,0.000000,0.000000,272.683597
true,7167.957577,8,1,0,0,1,0.000000,0.000000,7167.957577
true,8844.601073,7,1,0,0,1,0.000000,0.000000,8844.601073
true,20732.167828,6,3,0,0,3,0.000000,0.000000,20732.167828
true,3857.565120,7,1,0,0,1,0.000000,0.000000,3857.565120
true,31083.401060,5,3,0,0,3,0.000000,0.000000,31083.401060
true,14572.195714,8,2,0,0,2,0.000000,0.000000,14572.195714
true,4673.547662,8,2,0,0,2,0.000000,0.000000,4673.547662
true,21069.268151,6,3,1,0,2,689.696185,0.000000,20379.571966
true,8213.175992,8,1,0,0,1,0.000000,0.000000,8213.175992
true,3903.202006,10,1,0,0,1,0.000000,0.000000,3903.202006
true,1010.626160,2,1,0,0,1,0.000000,0.000000,1010.626160
true,1271.667372,10,1,1,0,0,1271.667372,0.000000,0.000000
true,1140.591306,7,1,0,0,1,0.000000,0.000000,1140.591306
true,39350.573650,6,2,0,0,2,0.000000,0.000000,39350.573650
true,3126.954636,6,3,0,0,3,0.000000,0.000000,3126.954636
true,4461.095547,10,1,0,0,1,0.000000,0.000000,4461.095547
true,2130.417434,9,1,0,0,1,0.000000,0.000000,2130.417434
true,6422.723340,8,2,0,0,2,0.000000,0.000000,6422.723340
true,58744.168555,7,2,0,0,2,0.000000,0.000000,58744.168555
true,22049.655829,6,3,0,0,3,0.000000,0.000000,22049.655829
true,2085.091159,9,1,0,0,1,0.000000,0.000000,2085.091159
true,1647.396716,9,2,1,0,1,135.144599,0.000000,1512.252117
true,1228.917228,8,1,1,0,0,1228.917228,0.000000,0.000000
true,27.518039,9,1,1,0,0,27.518039,0.000000,0.000000
true,1020.874078,10,1,1,0,1,3.248374,0.000000,1017.625704
true,6607.471902,5,1,0,0,1,0.000000,0.000000,6607.471902
true,50548.713125,8,2,0,0,2,0.000000,0.000000,50548.713125
true,3583.037843,7,1,0,0,1,0.000000,0.000000,3583.037843
true,9387.958240,3,3,0,0,3,0.000000,0.000000,9387.958240
true,2014.477397,9,1,0,0,1,0.000000,0.000000,2014.477397
true,33796.276476,6,2,0,0,2,0.000000,0.000000,33796.276476
true,5298.318905,6,1,0,0,1,0.000000,0.000000,5298.318905
true,1480.010333,9,1,1,0,0,1480.010333,0.000000,0.000000
true,1406.834765,6,1,1,0,0,1406.834765,0.000000,0.000000
true,27724.818740,5,3,0,0,3,0.000000,0.000000,27724.818740
true,13739.643297,9,1,0,0,1,0.000000,0.000000,13739.643297
true,973.326587,4,1,0,0,1,0.000000,0.000000,973.326587
true,2237.487404,8,1,0,0,1,0.000000,0.000000,2237.487404
true,15427.194490,7,1,0,0,1,0.000000,0.000000,15427.194490
true,1995.556545,9,1,1,0,0,1995.556545,0.000000,0.000000
true,2585.524605,10,1,0,0,1,0.000000,0.000000,2585.524605
true,12372.241619,7,1,0,0,1,0.000000,0.000000,12372.241619
true,4171.539520,9,1,0,0,1,0.000000,0.000000,4171.539520
true,5017.703041,9,1,0,0,1,0.000000,0.000000,5017.703041
true,4594.019369,10,1,0,0,1,0.000000,0.000000,4594.019369
true,13719.017828,9,1,0,0,1,0.000000,0.000000,13719.017828
true,24923.684829,7,3,0,0,3,0.000000,0.000000,24923.684829
true,11376.526751,6,2,0,0,2,0.000000,0.000000,11376.526751
true,4754.157478,7,1,0,0,1,0.000000,0.000000,4754.157478
true,19894.822542,10,1,0,0,1,0.000000,0.000000,19894.822542
true,12025.096261,7,1,0,0,1,0.000000,0.000000,12025.096261
true,5629.269404,2,1,0,0,1,0.000000,0.000000,5629.269404
true,3048.375745,10,1,0,0,1,0.000000,0.000000,3048.375745
true,178.170437,6,1,0,0,1,0.000000,0.000000,178.170437
true,8066.960504,9,2,0,0,2,0.000000,0.000000,8066.960504
